前橋,maebashi.png,utl_via_takasaki_line.png,maebashi_ssl.png,ssl_via_takasaki_line.png
新前橋,shim-maebashi.png,utl_via_takasaki_line.png,shim-maebashi_ssl.png,ssl_via_takasaki_line.png
高崎,takasaki.png,utl_via_takasaki_line.png,takasaki_ssl.png,ssl_via_takasaki_line.png
本庄,honjo.png,utl_via_takasaki_line.png,honjo_ssl.png,ssl_via_takasaki_line.png
深谷,fukaya.png,utl_via_takasaki_line.png,fukaya_ssl.png,ssl_via_takasaki_line.png
籠原,kagohara.png,utl_via_takasaki_line.png,kagohara_ssl.png,ssl_via_takasaki_line.png
鴻巣,konosu.png,utl_via_takasaki_line.png,konosu_ssl.png,ssl_via_takasaki_line.png
大宮,omiya.png,utl.png,omiya_ssl.png,ssl.png
池袋,ikebukuro.png,utl.png,ikebukuro_ssl.png,ssl.png
新宿,shinjuku.png,utl.png,shinjuku_ssl.png,ssl.png
大崎,osaki.png,utl.png,osaki_ssl.png,ssl.png
上野,ueno.png,utl.png,ueno_ssl.png,ssl.png
東京,tokyo.png,tokaido_line.png,tokyo_ssl.png,ssl.png
品川,shinagawa.png,utl_via_tokaido_line.png,shinagawa_ssl.png,ssl.png
横浜,yokohama.png,utl_via_tokaido_line.png,yokohama_ssl.png,ssl_via_tokaido_line.png
藤沢,fujisawa.png,utl_via_tokaido_line.png,fujisawa_ssl.png,ssl_via_tokaido_line.png
茅ケ崎,chigasaki.png,utl_via_tokaido_line.png,chigasaki_ssl.png,ssl_via_tokaido_line.png
平塚,hiratsuka.png,utl_via_tokaido_line.png,hiratsuka_ssl.png,ssl_via_tokaido_line.png
国府津,kozu.png,utl_via_tokaido_line.png,kozu_ssl.png,ssl_via_tokaido_line.png
小田原,odawara.png,utl_via_tokaido_line.png,odawara_ssl.png,ssl_via_tokaido_line.png
熱海,atami.png,utl_via_tokaido_line.png,atami_ssl.png,ssl_via_tokaido_line.png
沼津,numazu.png,utl_via_tokaido_line.png,numazu_ssl.png,ssl_via_tokaido_line.png
伊東,ito.png,utl_via_tokaido_line.png,ito_ssl.png,ssl_via_tokaido_line.png
山北,yamakita.png,utl_via_tokaido_line.png,yamakita_ssl.png,ssl_via_tokaido_line.png
黒磯,kuroiso.png,utl_via_utsunomiya_line.png,kuroiso_ssl.png,ssl_via_utsunomiya_line.png
宇都宮,utsunomiya.png,utl_via_utsunomiya_line.png,utsunomiya_ssl.png,ssl_via_utsunomiya_line.png
小金井,koganei.png,utl_via_utsunomiya_line.png,koganei_ssl.png,ssl_via_utsunomiya_line.png
古河,koga.png,utl_via_utsunomiya_line.png,koga_ssl.png,ssl_via_utsunomiya_line.png
大船,ofuna.png,utl.png,ofuna_ssl.png,ssl_via_yokosuka_line.png
逗子,zushi.png,utl.png,zushi_ssl.png,ssl_via_yokosuka_line.png
